text,sentiment
"Excellent quality restaurant, worth every rupee spent.",positive
"This book is amazing, works perfectly and looks great.",positive
"Excellent quality blender, worth every rupee spent.",positive
"This course is horrible, the worst purchase decision I made.",negative
This laptop looks similar to the previous model with minor changes.,neutral
"I am so satisfied with this course, five stars all the way.",positive
"Impressive restaurant, exceeded my expectations by a huge margin.",positive
"Excellent quality restaurant, worth every rupee spent.",positive
"Awful experience, this monitor failed to meet even basic expectations.",negative
"It is an average laptop, works but nothing stands out.",neutral
"Happy with the book, it does the job nicely.",positive
"Great value for money, this camera is simply outstanding.",neutral
The laptop works but honestly it is not that good.,negative
"This jacket is decent for daily use, works okay so far.",neutral
"It is a standard hotel, meets basic requirements.",neutral
"I am extremely disappointed with this book, total waste of money.",negative
"The phone is acceptable, does the basic job without issues.",neutral
"Disappointing watch, the performance is laggy and unreliable.",negative
The shoes works flawlessly and the design is beautiful.,positive
"This app made my life so much easier, truly impressed.",positive
"Excellent quality phone, worth every rupee spent.",positive
"Excellent quality shoes, worth every rupee spent.",positive
Not perfect but this book works well and I am pleased.,positive
"Overall the phone is average, matches the product description.",neutral
"The speaker has a manual included, setup was straightforward.",neutral
"I regret buying this laptop, it is simply not worth it.",negative
"Overall the camera is average, matches the product description.",neutral
"Overall the camera is average, matches the product description.",neutral
Not perfect but this headphones works well and I am pleased.,positive
The coffee maker works but honestly it is not that good.,positive
"Loved every bit of this laptop, it is genuinely wonderful.",positive
Wonderful app! Fast delivery and top notch performance.,positive
"Impressive camera, exceeded my expectations by a huge margin.",positive
"Somewhat let down by this movie, packaging was fine but the product itself is meh.",negative
"Overall the game console is average, matches the product description.",neutral
The watch works but honestly it is not that good.,negative
"I am extremely disappointed with this jacket, total waste of money.",negative
"The speaker arrived on time and performs wonderfully, very happy.",positive
"Happy with the restaurant, it does the job nicely.",positive
Not perfect but this service works well and I am pleased.,positive
"Best watch I have ever bought, highly recommend it to everyone.",positive
"The headphones is okay, nothing special but does the job.",neutral
"Happy with the movie, it does the job nicely.",positive
"The shoes is good, a bit pricey but still worth it.",positive
"The headphones is good, a bit pricey but still worth it.",positive
"Somewhat let down by this game console, packaging was fine but the product itself is meh.",negative
"I absolutely love this movie, it exceeded all my expectations!",positive
"I regret buying this headphones, it is simply not worth it.",negative
The speaker works but honestly it is not that good.,negative
"Impressive game console, exceeded my expectations by a huge margin.",positive
"The backpack is not great, a bit slow and could be better.",negative
This hotel looks similar to the previous model with minor changes.,neutral
"Worst backpack I have ever purchased, would not recommend at all.",negative
"The backpack is overpriced for such low quality, big regret.",negative
"I absolutely love this shoes, it exceeded all my expectations!",positive
This shoes is a fantastic addition to my daily routine.,positive
"Happy with the hotel, it does the job nicely.",positive
"The speaker is okay, nothing special but does the job.",neutral
"The movie has average features, similar to other products in this range.",neutral
"The hotel is fine for the price, neither great nor bad.",neutral
This speaker looks similar to the previous model with minor changes.,neutral
"Awful experience, this speaker failed to meet even basic expectations.",negative
"Worst camera I have ever purchased, would not recommend at all.",negative
"The coffee maker stopped working after two days, very frustrating experience.",negative
"Great value for money, this jacket is simply outstanding.",positive
"Best blender I have ever bought, highly recommend it to everyone.",positive
This jacket looks similar to the previous model with minor changes.,neutral
"This coffee maker is decent for daily use, works okay so far.",neutral
"The monitor malfunctioned right out of the box, very annoying.",negative
"This monitor is amazing, works perfectly and looks great.",positive
"Very unhappy with this jacket, it arrived damaged and useless.",negative
"Mediocre monitor, I expected more given the price.",negative
"Somewhat let down by this service, packaging was fine but the product itself is meh.",negative
"Do not waste your money on this game console, it is defective.",negative
"Worst shoes I have ever purchased, would not recommend at all.",negative
The blender works but honestly it is not that good.,negative
"The blender has average features, similar to other products in this range.",neutral
"Great value for money, this app is simply outstanding.",positive
This coffee maker looks similar to the previous model with minor changes.,positive
"Superb build quality on this movie, customer support was also great.",negative
"Very unhappy with this headphones, it arrived damaged and useless.",positive
"The course is decent and does what I hoped, quite happy.",positive
"Worst headphones I have ever purchased, would not recommend at all.",negative
"This watch works as expected, no major complaints.",neutral
"Pretty good blender overall, I do not have many complaints.",positive
"This service works as expected, no major complaints.",neutral
"This speaker broke down within a week, terrible quality.",negative
"Best camera I have ever bought, highly recommend it to everyone.",positive
"Overall the course is average, matches the product description.",neutral
"Poor build quality on this backpack, feels cheap and flimsy.",negative
"This phone is horrible, the worst purchase decision I made.",negative
"This restaurant is amazing, works perfectly and looks great.",positive
"The course seems fine, some parts are good and some could improve.",neutral
"I absolutely love this restaurant, it exceeded all my expectations!",positive
"The restaurant functions fine, I have no strong opinion about it yet.",neutral
"Do not waste your money on this game console, it is defective.",negative
"The phone is fine, does what it says, nothing more nothing less.",neutral
"I regret buying this jacket, it is simply not worth it.",negative
"It is an average laptop, works but nothing stands out.",neutral
"Mediocre course, I expected more given the price.",negative
"Pretty good blender overall, I do not have many complaints.",positive
"The blender stopped working after two days, very frustrating experience.",negative
The camera works but honestly it is not that good.,negative
"I am extremely disappointed with this app, total waste of money.",negative
"Mediocre restaurant, I expected more given the price.",negative
"I received the app yesterday, still testing it out.",neutral
This headphones looks similar to the previous model with minor changes.,neutral
"Somewhat let down by this backpack, packaging was fine but the product itself is meh.",negative
The service works flawlessly and the design is beautiful.,positive
"Poor build quality on this speaker, feels cheap and flimsy.",negative
"Happy with the camera, it does the job nicely.",positive
"I am still using the camera, will update my review later.",neutral
Not perfect but this camera works well and I am pleased.,positive
The coffee maker comes in a simple box with the usual accessories.,positive
"I received the backpack yesterday, still testing it out.",neutral
"I absolutely love this app, it exceeded all my expectations!",positive
"Mediocre course, I expected more given the price.",negative
"Do not waste your money on this blender, it is defective.",negative
"Pretty good service overall, I do not have many complaints.",positive
"Awful experience, this laptop failed to meet even basic expectations.",negative
"I am so satisfied with this hotel, five stars all the way.",positive
"The headphones malfunctioned right out of the box, very annoying.",negative
"Fantastic experience with this course, will definitely buy again.",positive
"Overall the hotel is average, matches the product description.",neutral
"Excellent quality watch, worth every rupee spent.",positive
"The laptop malfunctioned right out of the box, very annoying.",negative
"This shoes is decent for daily use, works okay so far.",negative
"I received the course yesterday, still testing it out.",neutral
"Worst watch I have ever purchased, would not recommend at all.",negative
"This course made my life so much easier, truly impressed.",positive
"This watch works as expected, no major complaints.",neutral
"Poor build quality on this hotel, feels cheap and flimsy.",negative
Not perfect but this service works well and I am pleased.,positive
"Very unhappy with this headphones, it arrived damaged and useless.",negative
This hotel is a fantastic addition to my daily routine.,positive
"The book is acceptable, does the basic job without issues.",neutral
"It is an average blender, works but nothing stands out.",neutral
"Do not waste your money on this laptop, it is defective.",negative
"The watch seems fine, some parts are good and some could improve.",neutral
"This laptop made my life so much easier, truly impressed.",positive
"Terrible customer service and a defective restaurant, never buying again.",negative
The restaurant comes in a simple box with the usual accessories.,neutral
"I am still using the hotel, will update my review later.",neutral
"I absolutely love this restaurant, it exceeded all my expectations!",positive
"Pretty good app overall, I do not have many complaints.",positive
"Fantastic experience with this shoes, will definitely buy again.",positive
"This phone is a complete disaster, does not work as advertised.",negative
"Disappointing blender, the performance is laggy and unreliable.",negative
"I received the service yesterday, still testing it out.",neutral
"Happy with the coffee maker, it does the job nicely.",positive
This movie looks similar to the previous model with minor changes.,neutral
"The service is okay, nothing special but does the job.",neutral
"This watch made my life so much easier, truly impressed.",positive
"Best coffee maker I have ever bought, highly recommend it to everyone.",positive
Wonderful shoes! Fast delivery and top notch performance.,positive
"This camera is amazing, works perfectly and looks great.",positive
"This service is amazing, works perfectly and looks great.",positive
"This watch is horrible, the worst purchase decision I made.",negative
"The jacket arrived on time and performs wonderfully, very happy.",positive
"The blender malfunctioned right out of the box, very annoying.",negative
"Great value for money, this blender is simply outstanding.",positive
"The game console malfunctioned right out of the box, very annoying.",negative
"I am still using the monitor, will update my review later.",neutral
"The blender seems fine, some parts are good and some could improve.",neutral
"The speaker is overpriced for such low quality, big regret.",negative
"The monitor malfunctioned right out of the box, very annoying.",negative
"The jacket is okay, nothing special but does the job.",neutral
"Fantastic experience with this book, will definitely buy again.",positive
"Poor build quality on this jacket, feels cheap and flimsy.",negative
Wonderful movie! Fast delivery and top notch performance.,positive
"This laptop broke down within a week, terrible quality.",negative
"The speaker seems fine, some parts are good and some could improve.",neutral
"The app malfunctioned right out of the box, very annoying.",negative
Not perfect but this hotel works well and I am pleased.,negative
"This movie made my life so much easier, truly impressed.",positive
"The movie is fine, does what it says, nothing more nothing less.",neutral
"Superb build quality on this speaker, customer support was also great.",positive
The backpack comes in a simple box with the usual accessories.,neutral
"Do not waste your money on this blender, it is defective.",negative
"The coffee maker is decent and does what I hoped, quite happy.",positive
"The blender malfunctioned right out of the box, very annoying.",negative
The backpack works flawlessly and the design is beautiful.,positive
"Mediocre hotel, I expected more given the price.",negative
"Somewhat let down by this course, packaging was fine but the product itself is meh.",negative
"The speaker arrived in a standard package, nothing noteworthy.",neutral
"Happy with the jacket, it does the job nicely.",positive
"Superb build quality on this backpack, customer support was also great.",positive
"This game console made my life so much easier, truly impressed.",neutral
The blender comes in a simple box with the usual accessories.,neutral
"The speaker arrived in a standard package, nothing noteworthy.",neutral
"The speaker is fine, does what it says, nothing more nothing less.",negative
"This monitor broke down within a week, terrible quality.",neutral
The watch works flawlessly and the design is beautiful.,positive
The shoes is okay-ish but has some annoying issues.,negative
"The headphones is fine for the price, neither great nor bad.",neutral
"Fantastic experience with this speaker, will definitely buy again.",positive
"Superb build quality on this speaker, customer support was also great.",positive
"The watch has average features, similar to other products in this range.",neutral
"The jacket has average features, similar to other products in this range.",neutral
"The jacket is fine, does what it says, nothing more nothing less.",neutral
"The restaurant is fine, does what it says, nothing more nothing less.",neutral
"I regret buying this laptop, it is simply not worth it.",negative
"Poor build quality on this restaurant, feels cheap and flimsy.",negative
"This phone broke down within a week, terrible quality.",negative
"Awful experience, this course failed to meet even basic expectations.",negative
This headphones looks similar to the previous model with minor changes.,neutral
"This book is amazing, works perfectly and looks great.",positive
"Impressive backpack, exceeded my expectations by a huge margin.",positive
"This blender works as expected, no major complaints.",neutral
"Disappointing speaker, the performance is laggy and unreliable.",negative
"The hotel seems fine, some parts are good and some could improve.",neutral
"Awful experience, this course failed to meet even basic expectations.",negative
"It is an average monitor, works but nothing stands out.",neutral
"I regret buying this camera, it is simply not worth it.",negative
"The backpack seems fine, some parts are good and some could improve.",neutral
"Awful experience, this app failed to meet even basic expectations.",negative
"Do not waste your money on this course, it is defective.",negative
This shoes is a fantastic addition to my daily routine.,positive
"I am extremely disappointed with this movie, total waste of money.",negative
"The course arrived on time and performs wonderfully, very happy.",positive
"The camera is acceptable, does the basic job without issues.",neutral
"This speaker is amazing, works perfectly and looks great.",positive
The shoes is okay-ish but has some annoying issues.,negative
"Mediocre service, I expected more given the price.",negative
"Overall the headphones is average, matches the product description.",neutral
"The camera is overpriced for such low quality, big regret.",negative
"I regret buying this app, it is simply not worth it.",negative
"Impressive book, exceeded my expectations by a huge margin.",positive
"The monitor functions fine, I have no strong opinion about it yet.",neutral
"I absolutely love this jacket, it exceeded all my expectations!",positive
"Do not waste your money on this app, it is defective.",negative
"The camera is fine, does what it says, nothing more nothing less.",neutral
"This monitor is a complete disaster, does not work as advertised.",negative
"Best movie I have ever bought, highly recommend it to everyone.",positive
"Superb build quality on this blender, customer support was also great.",positive
"The laptop is overpriced for such low quality, big regret.",negative
The phone comes in a simple box with the usual accessories.,neutral
"This headphones is decent for daily use, works okay so far.",neutral
"Somewhat let down by this course, packaging was fine but the product itself is meh.",negative
"Worst course I have ever purchased, would not recommend at all.",negative
"It is a standard backpack, meets basic requirements.",neutral
"The course has average features, similar to other products in this range.",neutral
"The hotel is good, a bit pricey but still worth it.",positive
"This headphones works as expected, no major complaints.",neutral
"Just an ordinary restaurant, does what it says on the box.",neutral
"Superb build quality on this watch, customer support was also great.",positive
"Mediocre course, I expected more given the price.",negative
"Awful experience, this movie failed to meet even basic expectations.",negative
"Pretty good hotel overall, I do not have many complaints.",positive
Wonderful speaker! Fast delivery and top notch performance.,positive
"This laptop works as expected, no major complaints.",neutral
"I absolutely love this game console, it exceeded all my expectations!",positive
"Great value for money, this game console is simply outstanding.",neutral
"This book made my life so much easier, truly impressed.",positive
"I absolutely love this blender, it exceeded all my expectations!",positive
"This restaurant was delivered on the estimated date, packaging was normal.",neutral
"This movie broke down within a week, terrible quality.",negative
"Best blender I have ever bought, highly recommend it to everyone.",positive
"The jacket is fine for the price, neither great nor bad.",neutral
"Disappointing backpack, the performance is laggy and unreliable.",negative
"Disappointing jacket, the performance is laggy and unreliable.",negative
"Overall the camera is average, matches the product description.",neutral
"I am extremely disappointed with this backpack, total waste of money.",negative
"The course is fine, does what it says, nothing more nothing less.",neutral
Not perfect but this watch works well and I am pleased.,positive
"It is an average jacket, works but nothing stands out.",neutral
"Great value for money, this shoes is simply outstanding.",positive
"This hotel made my life so much easier, truly impressed.",positive
"This laptop made my life so much easier, truly impressed.",positive
"Superb build quality on this service, customer support was also great.",positive
This shoes is a fantastic addition to my daily routine.,positive
The restaurant works but honestly it is not that good.,negative
"Poor build quality on this hotel, feels cheap and flimsy.",negative
"This book is horrible, the worst purchase decision I made.",negative
"Impressive jacket, exceeded my expectations by a huge margin.",positive
"This shoes was delivered on the estimated date, packaging was normal.",neutral
"Best phone I have ever bought, highly recommend it to everyone.",positive
This course is a fantastic addition to my daily routine.,positive
"Poor build quality on this shoes, feels cheap and flimsy.",negative
The hotel is okay-ish but has some annoying issues.,negative
"Overall the headphones is average, matches the product description.",neutral
"Very unhappy with this hotel, it arrived damaged and useless.",negative
"Loved every bit of this game console, it is genuinely wonderful.",positive
"Very unhappy with this course, it arrived damaged and useless.",negative
"I am so satisfied with this phone, five stars all the way.",positive
"Awful experience, this monitor failed to meet even basic expectations.",negative
The course is okay-ish but has some annoying issues.,negative
The app is okay-ish but has some annoying issues.,negative
"Superb build quality on this game console, customer support was also great.",positive
"The hotel is okay, nothing special but does the job.",neutral
"I am still using the speaker, will update my review later.",neutral
"Best restaurant I have ever bought, highly recommend it to everyone.",positive
"Superb build quality on this restaurant, customer support was also great.",positive
"The movie is decent and does what I hoped, quite happy.",positive
"This app is decent for daily use, works okay so far.",neutral
"Fantastic experience with this hotel, will definitely buy again.",positive
"This jacket is horrible, the worst purchase decision I made.",negative
"The book malfunctioned right out of the box, very annoying.",negative
Wonderful monitor! Fast delivery and top notch performance.,positive
"Do not waste your money on this game console, it is defective.",negative
"Mediocre hotel, I expected more given the price.",negative
"I am so satisfied with this book, five stars all the way.",positive
"I am extremely disappointed with this course, total waste of money.",negative
"This phone is amazing, works perfectly and looks great.",positive
"Great value for money, this blender is simply outstanding.",positive
"The backpack malfunctioned right out of the box, very annoying.",negative
"Poor build quality on this laptop, feels cheap and flimsy.",neutral
"The hotel is good, a bit pricey but still worth it.",positive
"The watch functions fine, I have no strong opinion about it yet.",neutral
"The speaker is fine for the price, neither great nor bad.",neutral
"Loved every bit of this jacket, it is genuinely wonderful.",positive
Wonderful movie! Fast delivery and top notch performance.,positive
The blender is okay-ish but has some annoying issues.,negative
"Fantastic experience with this blender, will definitely buy again.",positive
"Worst speaker I have ever purchased, would not recommend at all.",negative
"Impressive service, exceeded my expectations by a huge margin.",positive
"Great value for money, this app is simply outstanding.",positive
Not perfect but this blender works well and I am pleased.,positive
"This service is amazing, works perfectly and looks great.",positive
The movie comes in a simple box with the usual accessories.,neutral
"Excellent quality game console, worth every rupee spent.",positive
"I am so satisfied with this jacket, five stars all the way.",positive
"This service made my life so much easier, truly impressed.",positive
"Impressive game console, exceeded my expectations by a huge margin.",positive
"This book was delivered on the estimated date, packaging was normal.",neutral
Wonderful book! Fast delivery and top notch performance.,positive
The course works but honestly it is not that good.,negative
"This game console was delivered on the estimated date, packaging was normal.",neutral
This camera is a fantastic addition to my daily routine.,positive
"The backpack is decent and does what I hoped, quite happy.",positive
The coffee maker is okay-ish but has some annoying issues.,negative
"Mediocre blender, I expected more given the price.",negative
The camera works but honestly it is not that good.,negative
"This restaurant is horrible, the worst purchase decision I made.",negative
"This speaker broke down within a week, terrible quality.",negative
"Overall the coffee maker is average, matches the product description.",neutral
"The book is decent and does what I hoped, quite happy.",positive
"Great value for money, this headphones is simply outstanding.",positive
This course is a fantastic addition to my daily routine.,positive
"Awful experience, this headphones failed to meet even basic expectations.",negative
"The backpack has average features, similar to other products in this range.",neutral
Not perfect but this service works well and I am pleased.,positive
"This coffee maker is decent for daily use, works okay so far.",neutral
"The camera is not great, a bit slow and could be better.",neutral
"The shoes is fine, does what it says, nothing more nothing less.",neutral
"Poor build quality on this jacket, feels cheap and flimsy.",negative
"I regret buying this headphones, it is simply not worth it.",negative
"The course is overpriced for such low quality, big regret.",negative
"Worst service I have ever purchased, would not recommend at all.",negative
"The camera is overpriced for such low quality, big regret.",negative
Wonderful watch! Fast delivery and top notch performance.,positive
Not perfect but this course works well and I am pleased.,positive
"This game console is decent for daily use, works okay so far.",neutral
"The watch seems fine, some parts are good and some could improve.",neutral
"The service stopped working after two days, very frustrating experience.",negative
"The watch arrived on time and performs wonderfully, very happy.",positive
"The headphones is decent and does what I hoped, quite happy.",positive
"The service stopped working after two days, very frustrating experience.",positive
"Best book I have ever bought, highly recommend it to everyone.",positive
"Worst app I have ever purchased, would not recommend at all.",negative
"The backpack is overpriced for such low quality, big regret.",negative
"I received the backpack yesterday, still testing it out.",neutral
This coffee maker looks similar to the previous model with minor changes.,neutral
"Mediocre watch, I expected more given the price.",negative
"The coffee maker is acceptable, does the basic job without issues.",neutral
"Poor build quality on this app, feels cheap and flimsy.",negative
"The hotel is overpriced for such low quality, big regret.",negative
This backpack is a fantastic addition to my daily routine.,positive
"Impressive hotel, exceeded my expectations by a huge margin.",positive
The restaurant comes in a simple box with the usual accessories.,neutral
Wonderful phone! Fast delivery and top notch performance.,positive
"This app is decent for daily use, works okay so far.",neutral
This headphones is a fantastic addition to my daily routine.,positive
"Fantastic experience with this backpack, will definitely buy again.",positive
Not perfect but this course works well and I am pleased.,positive
"Fantastic experience with this camera, will definitely buy again.",positive
"The coffee maker is fine for the price, neither great nor bad.",neutral
"Disappointing monitor, the performance is laggy and unreliable.",negative
"The phone is overpriced for such low quality, big regret.",negative
"Just an ordinary hotel, does what it says on the box.",neutral
"The phone is good, a bit pricey but still worth it.",positive
"Poor build quality on this phone, feels cheap and flimsy.",negative
"Do not waste your money on this restaurant, it is defective.",negative
"The service arrived in a standard package, nothing noteworthy.",neutral
"This monitor works as expected, no major complaints.",neutral
"The game console is fine, does what it says, nothing more nothing less.",neutral
"The movie is fine, does what it says, nothing more nothing less.",neutral
"Loved every bit of this camera, it is genuinely wonderful.",positive
"Superb build quality on this jacket, customer support was also great.",positive
"Impressive phone, exceeded my expectations by a huge margin.",positive
"Worst headphones I have ever purchased, would not recommend at all.",negative
"Loved every bit of this laptop, it is genuinely wonderful.",positive
"This restaurant made my life so much easier, truly impressed.",positive
"The app is good, a bit pricey but still worth it.",neutral
"Great value for money, this coffee maker is simply outstanding.",positive
"The backpack arrived in a standard package, nothing noteworthy.",neutral
"Poor build quality on this backpack, feels cheap and flimsy.",negative
The speaker works but honestly it is not that good.,negative
"Excellent quality movie, worth every rupee spent.",positive
"The restaurant is overpriced for such low quality, big regret.",negative
Not perfect but this phone works well and I am pleased.,positive
Wonderful shoes! Fast delivery and top notch performance.,positive
"I am still using the monitor, will update my review later.",neutral
"Disappointing shoes, the performance is laggy and unreliable.",negative
This book is a fantastic addition to my daily routine.,positive
"The speaker is decent and does what I hoped, quite happy.",positive
"I absolutely love this service, it exceeded all my expectations!",positive
"The restaurant is fine, does what it says, nothing more nothing less.",neutral
"Loved every bit of this watch, it is genuinely wonderful.",positive
The restaurant works but honestly it is not that good.,negative
"The watch is acceptable, does the basic job without issues.",neutral
"The movie is decent and does what I hoped, quite happy.",positive
The service comes in a simple box with the usual accessories.,neutral
"This headphones works as expected, no major complaints.",neutral
Wonderful restaurant! Fast delivery and top notch performance.,negative
"It is an average headphones, works but nothing stands out.",neutral
"Worst headphones I have ever purchased, would not recommend at all.",negative
This blender is a fantastic addition to my daily routine.,positive
"Mediocre speaker, I expected more given the price.",negative
"Pretty good game console overall, I do not have many complaints.",neutral
"The phone has average features, similar to other products in this range.",neutral
"Great value for money, this app is simply outstanding.",positive
"Somewhat let down by this phone, packaging was fine but the product itself is meh.",negative
"Impressive course, exceeded my expectations by a huge margin.",positive
"This backpack works as expected, no major complaints.",neutral
"The hotel is decent and does what I hoped, quite happy.",positive
"Pretty good monitor overall, I do not have many complaints.",positive
"It is an average restaurant, works but nothing stands out.",neutral
"The backpack arrived on time and performs wonderfully, very happy.",positive
"I regret buying this jacket, it is simply not worth it.",negative
The service is okay-ish but has some annoying issues.,negative
"Loved every bit of this speaker, it is genuinely wonderful.",positive
"This shoes works as expected, no major complaints.",neutral
"Poor build quality on this monitor, feels cheap and flimsy.",negative
"The game console is not great, a bit slow and could be better.",positive
"Excellent quality coffee maker, worth every rupee spent.",positive
"Terrible customer service and a defective laptop, never buying again.",negative
"The backpack is acceptable, does the basic job without issues.",neutral
"The camera is decent and does what I hoped, quite happy.",positive
"The monitor is fine for the price, neither great nor bad.",neutral
"Impressive coffee maker, exceeded my expectations by a huge margin.",positive
This watch is a fantastic addition to my daily routine.,positive
"This shoes is amazing, works perfectly and looks great.",positive
Wonderful blender! Fast delivery and top notch performance.,positive
"Pretty good blender overall, I do not have many complaints.",positive
"This book works as expected, no major complaints.",neutral
"Very unhappy with this movie, it arrived damaged and useless.",negative
Not perfect but this hotel works well and I am pleased.,negative
"I regret buying this shoes, it is simply not worth it.",negative
"Do not waste your money on this movie, it is defective.",negative
"The coffee maker seems fine, some parts are good and some could improve.",neutral
"The speaker is acceptable, does the basic job without issues.",neutral
"The course stopped working after two days, very frustrating experience.",negative
"The phone has a manual included, setup was straightforward.",neutral
"This phone broke down within a week, terrible quality.",negative
"Worst camera I have ever purchased, would not recommend at all.",negative
"The hotel is okay, nothing special but does the job.",neutral
"The hotel seems fine, some parts are good and some could improve.",neutral
"Awful experience, this coffee maker failed to meet even basic expectations.",negative
"Best laptop I have ever bought, highly recommend it to everyone.",positive
"This blender was delivered on the estimated date, packaging was normal.",neutral
"I absolutely love this book, it exceeded all my expectations!",positive
"The course malfunctioned right out of the box, very annoying.",negative
"Overall the hotel is average, matches the product description.",neutral
"This app made my life so much easier, truly impressed.",negative
"Best jacket I have ever bought, highly recommend it to everyone.",positive
"The backpack arrived on time and performs wonderfully, very happy.",positive
Not perfect but this coffee maker works well and I am pleased.,positive
"This book is amazing, works perfectly and looks great.",positive
The restaurant is okay-ish but has some annoying issues.,positive
"Best book I have ever bought, highly recommend it to everyone.",positive
This movie is a fantastic addition to my daily routine.,positive
"Terrible customer service and a defective phone, never buying again.",negative
"The laptop is fine, does what it says, nothing more nothing less.",neutral
"I regret buying this shoes, it is simply not worth it.",negative
"Very unhappy with this watch, it arrived damaged and useless.",negative
"This book is amazing, works perfectly and looks great.",positive
"The app arrived on time and performs wonderfully, very happy.",positive
"The blender arrived on time and performs wonderfully, very happy.",positive
"The service stopped working after two days, very frustrating experience.",negative
The restaurant works but honestly it is not that good.,negative
"This shoes is decent for daily use, works okay so far.",neutral
"Best shoes I have ever bought, highly recommend it to everyone.",positive
"Happy with the service, it does the job nicely.",positive
"The jacket is decent and does what I hoped, quite happy.",positive
"The hotel functions fine, I have no strong opinion about it yet.",neutral
"I absolutely love this watch, it exceeded all my expectations!",positive
"The movie is not great, a bit slow and could be better.",negative
"Loved every bit of this book, it is genuinely wonderful.",positive
"Somewhat let down by this monitor, packaging was fine but the product itself is meh.",negative
"I am extremely disappointed with this movie, total waste of money.",negative
"Worst laptop I have ever purchased, would not recommend at all.",negative
"This blender is amazing, works perfectly and looks great.",positive
"This jacket made my life so much easier, truly impressed.",positive
"Happy with the book, it does the job nicely.",positive
"This headphones made my life so much easier, truly impressed.",positive
"This jacket was delivered on the estimated date, packaging was normal.",neutral
"Best speaker I have ever bought, highly recommend it to everyone.",positive
Wonderful restaurant! Fast delivery and top notch performance.,positive
"The jacket arrived on time and performs wonderfully, very happy.",positive
This course looks similar to the previous model with minor changes.,neutral
"The shoes malfunctioned right out of the box, very annoying.",negative
"This backpack is decent for daily use, works okay so far.",neutral
"Just an ordinary game console, does what it says on the box.",neutral
"Mediocre shoes, I expected more given the price.",negative
"The jacket is overpriced for such low quality, big regret.",negative
"Happy with the shoes, it does the job nicely.",positive
"The laptop is okay, nothing special but does the job.",positive
The phone works but honestly it is not that good.,negative
"Loved every bit of this restaurant, it is genuinely wonderful.",positive
"I received the shoes yesterday, still testing it out.",neutral
"Excellent quality restaurant, worth every rupee spent.",positive
"I regret buying this blender, it is simply not worth it.",negative
"I regret buying this service, it is simply not worth it.",negative
"This hotel is decent for daily use, works okay so far.",neutral
"Excellent quality blender, worth every rupee spent.",positive
"I absolutely love this monitor, it exceeded all my expectations!",positive
"Poor build quality on this hotel, feels cheap and flimsy.",negative
"Impressive hotel, exceeded my expectations by a huge margin.",positive
"Loved every bit of this speaker, it is genuinely wonderful.",positive
Not perfect but this movie works well and I am pleased.,positive
The headphones works but honestly it is not that good.,negative
This laptop looks similar to the previous model with minor changes.,neutral
"This hotel made my life so much easier, truly impressed.",positive
"The book is acceptable, does the basic job without issues.",neutral
"Disappointing game console, the performance is laggy and unreliable.",negative
"Overall the movie is average, matches the product description.",neutral
"Very unhappy with this restaurant, it arrived damaged and useless.",negative
This coffee maker looks similar to the previous model with minor changes.,neutral
"This monitor broke down within a week, terrible quality.",negative
"The movie arrived on time and performs wonderfully, very happy.",positive
"The coffee maker is overpriced for such low quality, big regret.",negative
This movie looks similar to the previous model with minor changes.,neutral
"Happy with the backpack, it does the job nicely.",positive
"I absolutely love this game console, it exceeded all my expectations!",positive
"Worst game console I have ever purchased, would not recommend at all.",negative
"Somewhat let down by this movie, packaging was fine but the product itself is meh.",negative
Wonderful watch! Fast delivery and top notch performance.,positive
"The monitor stopped working after two days, very frustrating experience.",negative
"This headphones is amazing, works perfectly and looks great.",positive
"The app has a manual included, setup was straightforward.",neutral
The camera works flawlessly and the design is beautiful.,positive
"Superb build quality on this backpack, customer support was also great.",positive
"The hotel stopped working after two days, very frustrating experience.",negative
Wonderful game console! Fast delivery and top notch performance.,positive
"This book made my life so much easier, truly impressed.",positive
"The blender stopped working after two days, very frustrating experience.",negative
"I am still using the movie, will update my review later.",neutral
"I am extremely disappointed with this restaurant, total waste of money.",negative
Wonderful restaurant! Fast delivery and top notch performance.,positive
"The watch is fine for the price, neither great nor bad.",negative
"This shoes was delivered on the estimated date, packaging was normal.",neutral
"I am so satisfied with this shoes, five stars all the way.",positive
"The app is overpriced for such low quality, big regret.",negative
"The camera stopped working after two days, very frustrating experience.",negative
Not perfect but this headphones works well and I am pleased.,positive
"The jacket arrived on time and performs wonderfully, very happy.",positive
"The jacket malfunctioned right out of the box, very annoying.",negative
"Do not waste your money on this game console, it is defective.",negative
"The course stopped working after two days, very frustrating experience.",negative
"The app is fine, does what it says, nothing more nothing less.",neutral
"Somewhat let down by this blender, packaging was fine but the product itself is meh.",negative
The app is okay-ish but has some annoying issues.,negative
"Best blender I have ever bought, highly recommend it to everyone.",positive
"Awful experience, this hotel failed to meet even basic expectations.",negative
"Overall the movie is average, matches the product description.",neutral
"Disappointing coffee maker, the performance is laggy and unreliable.",negative
"Best service I have ever bought, highly recommend it to everyone.",positive
"This camera is decent for daily use, works okay so far.",neutral
"Mediocre app, I expected more given the price.",negative
"The watch is acceptable, does the basic job without issues.",neutral
"The shoes stopped working after two days, very frustrating experience.",negative
"Do not waste your money on this service, it is defective.",negative
"Worst headphones I have ever purchased, would not recommend at all.",negative
"The backpack is acceptable, does the basic job without issues.",neutral
"Pretty good camera overall, I do not have many complaints.",positive
"Best speaker I have ever bought, highly recommend it to everyone.",positive
"Mediocre blender, I expected more given the price.",negative
"Superb build quality on this hotel, customer support was also great.",positive
"Disappointing blender, the performance is laggy and unreliable.",negative
"I am extremely disappointed with this shoes, total waste of money.",negative
"This hotel broke down within a week, terrible quality.",negative
"The blender is good, a bit pricey but still worth it.",positive
This game console is a fantastic addition to my daily routine.,positive
"It is a standard service, meets basic requirements.",neutral
The movie works but honestly it is not that good.,negative
"Just an ordinary shoes, does what it says on the box.",neutral
"I am still using the shoes, will update my review later.",neutral
The headphones comes in a simple box with the usual accessories.,neutral
"Worst app I have ever purchased, would not recommend at all.",negative
"The service is fine, does what it says, nothing more nothing less.",neutral
"Do not waste your money on this book, it is defective.",negative
"Excellent quality restaurant, worth every rupee spent.",positive
"The course is good, a bit pricey but still worth it.",positive
"The speaker stopped working after two days, very frustrating experience.",negative
The laptop works but honestly it is not that good.,positive
"The backpack is acceptable, does the basic job without issues.",neutral
"Terrible customer service and a defective watch, never buying again.",negative
"Mediocre laptop, I expected more given the price.",negative
"I am extremely disappointed with this book, total waste of money.",negative
"This app is a complete disaster, does not work as advertised.",negative
"The laptop is fine for the price, neither great nor bad.",neutral
"The speaker arrived in a standard package, nothing noteworthy.",neutral
"This jacket broke down within a week, terrible quality.",neutral
"It is a standard camera, meets basic requirements.",neutral
"It is a standard backpack, meets basic requirements.",neutral
Not perfect but this phone works well and I am pleased.,positive
"Great value for money, this restaurant is simply outstanding.",positive
"Great value for money, this phone is simply outstanding.",positive
Wonderful restaurant! Fast delivery and top notch performance.,positive
"This laptop is amazing, works perfectly and looks great.",positive
"The service is overpriced for such low quality, big regret.",negative
"I am still using the backpack, will update my review later.",neutral
"The monitor is fine, does what it says, nothing more nothing less.",neutral
"The game console is fine for the price, neither great nor bad.",positive
"I regret buying this watch, it is simply not worth it.",negative
"Awful experience, this laptop failed to meet even basic expectations.",negative
Wonderful headphones! Fast delivery and top notch performance.,positive
This camera looks similar to the previous model with minor changes.,neutral
"The restaurant seems fine, some parts are good and some could improve.",neutral
The backpack works but honestly it is not that good.,negative
"This monitor is horrible, the worst purchase decision I made.",negative
"Worst course I have ever purchased, would not recommend at all.",negative
"Great value for money, this backpack is simply outstanding.",negative
"This laptop works as expected, no major complaints.",neutral
"Excellent quality movie, worth every rupee spent.",positive
"I am still using the backpack, will update my review later.",neutral
"Poor build quality on this game console, feels cheap and flimsy.",negative
"I received the hotel yesterday, still testing it out.",neutral
"Overall the movie is average, matches the product description.",neutral
"The service is acceptable, does the basic job without issues.",neutral
"Somewhat let down by this phone, packaging was fine but the product itself is meh.",negative
"I regret buying this laptop, it is simply not worth it.",negative
"The movie is decent and does what I hoped, quite happy.",positive
"Worst course I have ever purchased, would not recommend at all.",negative
This movie looks similar to the previous model with minor changes.,neutral
"The backpack has a manual included, setup was straightforward.",neutral
"The course seems fine, some parts are good and some could improve.",neutral
"This backpack made my life so much easier, truly impressed.",positive
"The camera is okay, nothing special but does the job.",neutral
"The course has a manual included, setup was straightforward.",neutral
"The phone malfunctioned right out of the box, very annoying.",negative
"The blender is not great, a bit slow and could be better.",neutral
"The movie malfunctioned right out of the box, very annoying.",negative
The blender works but honestly it is not that good.,negative
"Terrible customer service and a defective restaurant, never buying again.",negative
"Just an ordinary restaurant, does what it says on the box.",neutral
"The blender is good, a bit pricey but still worth it.",positive
"I regret buying this blender, it is simply not worth it.",negative
"This camera is a complete disaster, does not work as advertised.",negative
"The hotel functions fine, I have no strong opinion about it yet.",neutral
"I regret buying this movie, it is simply not worth it.",negative
"This jacket is amazing, works perfectly and looks great.",positive
"Overall the book is average, matches the product description.",neutral
"Somewhat let down by this restaurant, packaging was fine but the product itself is meh.",negative
"Excellent quality game console, worth every rupee spent.",positive
"The game console stopped working after two days, very frustrating experience.",negative
"This headphones is amazing, works perfectly and looks great.",positive
"The app malfunctioned right out of the box, very annoying.",negative
"Disappointing monitor, the performance is laggy and unreliable.",negative
"The headphones has a manual included, setup was straightforward.",neutral
The movie comes in a simple box with the usual accessories.,neutral
"The coffee maker functions fine, I have no strong opinion about it yet.",neutral
"This speaker is decent for daily use, works okay so far.",neutral
"The phone is decent and does what I hoped, quite happy.",neutral
"Do not waste your money on this service, it is defective.",negative
"Very unhappy with this backpack, it arrived damaged and useless.",negative
"The watch is overpriced for such low quality, big regret.",negative
"The monitor is decent and does what I hoped, quite happy.",positive
"Loved every bit of this service, it is genuinely wonderful.",negative
"Great value for money, this course is simply outstanding.",positive
"Awful experience, this game console failed to meet even basic expectations.",negative
"The service is good, a bit pricey but still worth it.",positive
"Disappointing headphones, the performance is laggy and unreliable.",negative
The course works flawlessly and the design is beautiful.,positive
"The watch stopped working after two days, very frustrating experience.",negative
"The jacket is fine for the price, neither great nor bad.",neutral
"It is a standard coffee maker, meets basic requirements.",neutral
"It is an average headphones, works but nothing stands out.",neutral
"I am so satisfied with this laptop, five stars all the way.",positive
Not perfect but this app works well and I am pleased.,positive
"Great value for money, this restaurant is simply outstanding.",positive
This headphones is a fantastic addition to my daily routine.,positive
"Excellent quality speaker, worth every rupee spent.",positive
"Great value for money, this restaurant is simply outstanding.",positive
"It is a standard course, meets basic requirements.",neutral
"The movie is overpriced for such low quality, big regret.",negative
"The laptop functions fine, I have no strong opinion about it yet.",neutral
This blender looks similar to the previous model with minor changes.,neutral
"The movie is not great, a bit slow and could be better.",negative
"The jacket arrived on time and performs wonderfully, very happy.",positive
"The movie is fine, does what it says, nothing more nothing less.",neutral
"This jacket made my life so much easier, truly impressed.",positive
"The app is overpriced for such low quality, big regret.",negative
"Worst course I have ever purchased, would not recommend at all.",negative
"The restaurant arrived in a standard package, nothing noteworthy.",neutral
"The blender is fine for the price, neither great nor bad.",neutral
Not perfect but this service works well and I am pleased.,positive
This monitor is a fantastic addition to my daily routine.,positive
"This hotel is amazing, works perfectly and looks great.",positive
"The course is overpriced for such low quality, big regret.",negative
"This shoes made my life so much easier, truly impressed.",positive
This hotel is a fantastic addition to my daily routine.,positive
"This game console works as expected, no major complaints.",neutral
"This movie made my life so much easier, truly impressed.",positive
"The shoes stopped working after two days, very frustrating experience.",negative
"The restaurant is acceptable, does the basic job without issues.",neutral
"Superb build quality on this blender, customer support was also great.",positive
"Pretty good app overall, I do not have many complaints.",positive
"Superb build quality on this course, customer support was also great.",positive
Not perfect but this laptop works well and I am pleased.,positive
"Overall the book is average, matches the product description.",neutral
"Worst camera I have ever purchased, would not recommend at all.",negative
The service comes in a simple box with the usual accessories.,neutral
"Poor build quality on this camera, feels cheap and flimsy.",negative
"This watch is a complete disaster, does not work as advertised.",negative
"The restaurant malfunctioned right out of the box, very annoying.",negative
"The service is acceptable, does the basic job without issues.",neutral
"This service is decent for daily use, works okay so far.",neutral
Wonderful blender! Fast delivery and top notch performance.,positive
"I regret buying this movie, it is simply not worth it.",negative
The watch works flawlessly and the design is beautiful.,positive
"The hotel seems fine, some parts are good and some could improve.",neutral
The phone is okay-ish but has some annoying issues.,negative
"I am still using the laptop, will update my review later.",neutral
"Excellent quality phone, worth every rupee spent.",positive
"Excellent quality restaurant, worth every rupee spent.",positive
"The laptop is fine for the price, neither great nor bad.",neutral
"The service is good, a bit pricey but still worth it.",positive
"The shoes is fine for the price, neither great nor bad.",neutral
"Terrible customer service and a defective headphones, never buying again.",negative
"The service is not great, a bit slow and could be better.",negative
"Terrible customer service and a defective headphones, never buying again.",negative
"This hotel is horrible, the worst purchase decision I made.",negative
"I am so satisfied with this speaker, five stars all the way.",positive
"This shoes is horrible, the worst purchase decision I made.",negative
The app works but honestly it is not that good.,positive
"The hotel functions fine, I have no strong opinion about it yet.",neutral
"The course arrived on time and performs wonderfully, very happy.",positive
"I regret buying this course, it is simply not worth it.",negative
"Poor build quality on this book, feels cheap and flimsy.",negative
"Just an ordinary headphones, does what it says on the box.",neutral
"Terrible customer service and a defective phone, never buying again.",positive
"Do not waste your money on this game console, it is defective.",negative
The backpack comes in a simple box with the usual accessories.,neutral
"This course is horrible, the worst purchase decision I made.",negative
"This shoes broke down within a week, terrible quality.",negative
"The course is decent and does what I hoped, quite happy.",positive
"The speaker has average features, similar to other products in this range.",neutral
"I absolutely love this jacket, it exceeded all my expectations!",positive
"Worst book I have ever purchased, would not recommend at all.",negative
"The blender has a manual included, setup was straightforward.",neutral
"Terrible customer service and a defective course, never buying again.",negative
"This camera is horrible, the worst purchase decision I made.",negative
"Best speaker I have ever bought, highly recommend it to everyone.",positive
"The app has a manual included, setup was straightforward.",neutral
Not perfect but this app works well and I am pleased.,positive
"Superb build quality on this monitor, customer support was also great.",positive
"Somewhat let down by this course, packaging was fine but the product itself is meh.",negative
"This game console is decent for daily use, works okay so far.",neutral
"The watch arrived in a standard package, nothing noteworthy.",neutral
"The blender arrived on time and performs wonderfully, very happy.",positive
"The shoes arrived in a standard package, nothing noteworthy.",neutral
"Disappointing headphones, the performance is laggy and unreliable.",negative
"I received the headphones yesterday, still testing it out.",neutral
The phone works flawlessly and the design is beautiful.,positive
"Mediocre backpack, I expected more given the price.",negative
"It is a standard camera, meets basic requirements.",neutral
"Excellent quality laptop, worth every rupee spent.",positive
The service works flawlessly and the design is beautiful.,positive
"The service has average features, similar to other products in this range.",neutral
Wonderful service! Fast delivery and top notch performance.,positive
The restaurant works but honestly it is not that good.,negative
"Very unhappy with this headphones, it arrived damaged and useless.",negative
"The watch is good, a bit pricey but still worth it.",neutral
"The backpack is overpriced for such low quality, big regret.",negative
"Best camera I have ever bought, highly recommend it to everyone.",positive
"The book arrived on time and performs wonderfully, very happy.",positive
"The monitor is fine for the price, neither great nor bad.",neutral
"The movie functions fine, I have no strong opinion about it yet.",neutral
"Do not waste your money on this watch, it is defective.",negative
"This hotel works as expected, no major complaints.",neutral
"Superb build quality on this hotel, customer support was also great.",positive
"The service stopped working after two days, very frustrating experience.",negative
"I am still using the backpack, will update my review later.",neutral
"Impressive camera, exceeded my expectations by a huge margin.",positive
"I absolutely love this blender, it exceeded all my expectations!",positive
"Loved every bit of this speaker, it is genuinely wonderful.",positive
"Superb build quality on this backpack, customer support was also great.",positive
"Just an ordinary backpack, does what it says on the box.",negative
This hotel looks similar to the previous model with minor changes.,neutral
"Awful experience, this game console failed to meet even basic expectations.",negative
"The restaurant seems fine, some parts are good and some could improve.",neutral
The restaurant comes in a simple box with the usual accessories.,neutral
"I am still using the backpack, will update my review later.",neutral
"The speaker is not great, a bit slow and could be better.",negative
"I regret buying this phone, it is simply not worth it.",negative
"The service arrived on time and performs wonderfully, very happy.",positive
"Great value for money, this blender is simply outstanding.",positive
"Impressive movie, exceeded my expectations by a huge margin.",positive
"Great value for money, this monitor is simply outstanding.",positive
The phone is okay-ish but has some annoying issues.,negative
"I received the book yesterday, still testing it out.",neutral
This movie is a fantastic addition to my daily routine.,positive
"Great value for money, this game console is simply outstanding.",positive
"Very unhappy with this speaker, it arrived damaged and useless.",negative
"This monitor is a complete disaster, does not work as advertised.",negative
"The game console stopped working after two days, very frustrating experience.",negative
"Do not waste your money on this phone, it is defective.",neutral
"The shoes is overpriced for such low quality, big regret.",negative
"This coffee maker is horrible, the worst purchase decision I made.",negative
"Impressive camera, exceeded my expectations by a huge margin.",positive
Wonderful shoes! Fast delivery and top notch performance.,positive
"This laptop broke down within a week, terrible quality.",positive
"It is a standard game console, meets basic requirements.",neutral
"I absolutely love this service, it exceeded all my expectations!",positive
"The headphones malfunctioned right out of the box, very annoying.",negative
"Fantastic experience with this laptop, will definitely buy again.",positive
"The course seems fine, some parts are good and some could improve.",neutral
"Do not waste your money on this game console, it is defective.",negative
"The restaurant is fine for the price, neither great nor bad.",neutral
"Great value for money, this service is simply outstanding.",positive
The course comes in a simple box with the usual accessories.,neutral
"Great value for money, this headphones is simply outstanding.",positive
"It is a standard blender, meets basic requirements.",neutral
"This course works as expected, no major complaints.",neutral
"This course is horrible, the worst purchase decision I made.",negative
The monitor is okay-ish but has some annoying issues.,negative
"Somewhat let down by this backpack, packaging was fine but the product itself is meh.",negative
"Best monitor I have ever bought, highly recommend it to everyone.",neutral
"Superb build quality on this shoes, customer support was also great.",positive
"Fantastic experience with this jacket, will definitely buy again.",positive
"Worst game console I have ever purchased, would not recommend at all.",negative
"Superb build quality on this shoes, customer support was also great.",positive
"This book made my life so much easier, truly impressed.",positive
"Very unhappy with this laptop, it arrived damaged and useless.",negative
"The speaker malfunctioned right out of the box, very annoying.",positive
"Very unhappy with this shoes, it arrived damaged and useless.",negative
"Somewhat let down by this speaker, packaging was fine but the product itself is meh.",negative
"Poor build quality on this coffee maker, feels cheap and flimsy.",negative
Not perfect but this monitor works well and I am pleased.,positive
"Mediocre headphones, I expected more given the price.",negative
"The restaurant arrived on time and performs wonderfully, very happy.",positive
"The monitor malfunctioned right out of the box, very annoying.",negative
"The app is good, a bit pricey but still worth it.",positive
The course works flawlessly and the design is beautiful.,positive
The movie is okay-ish but has some annoying issues.,negative
"Fantastic experience with this coffee maker, will definitely buy again.",positive
"Happy with the app, it does the job nicely.",positive
"The service is overpriced for such low quality, big regret.",negative
"Great value for money, this jacket is simply outstanding.",positive
"This shoes is horrible, the worst purchase decision I made.",negative
"Pretty good jacket overall, I do not have many complaints.",positive
"The blender is overpriced for such low quality, big regret.",negative
"Superb build quality on this restaurant, customer support was also great.",positive
"The monitor has a manual included, setup was straightforward.",neutral
"The game console is okay, nothing special but does the job.",neutral
"The service is acceptable, does the basic job without issues.",neutral
"Somewhat let down by this monitor, packaging was fine but the product itself is meh.",negative
Not perfect but this shoes works well and I am pleased.,positive
"This coffee maker is decent for daily use, works okay so far.",neutral
"Superb build quality on this monitor, customer support was also great.",positive
"The game console stopped working after two days, very frustrating experience.",negative
Not perfect but this course works well and I am pleased.,positive
"The game console is okay, nothing special but does the job.",neutral
"Loved every bit of this course, it is genuinely wonderful.",positive
"The laptop arrived in a standard package, nothing noteworthy.",positive
"This jacket is horrible, the worst purchase decision I made.",negative
"This laptop is a complete disaster, does not work as advertised.",negative
"Somewhat let down by this laptop, packaging was fine but the product itself is meh.",negative
"Happy with the service, it does the job nicely.",positive
"The restaurant is fine for the price, neither great nor bad.",neutral
"Worst course I have ever purchased, would not recommend at all.",negative
"The laptop has a manual included, setup was straightforward.",positive
"The jacket is fine, does what it says, nothing more nothing less.",neutral
"The game console arrived on time and performs wonderfully, very happy.",positive
"The service is not great, a bit slow and could be better.",negative
"Best game console I have ever bought, highly recommend it to everyone.",positive
"Overall the coffee maker is average, matches the product description.",neutral
"Do not waste your money on this coffee maker, it is defective.",negative
"The game console is overpriced for such low quality, big regret.",negative
"Impressive coffee maker, exceeded my expectations by a huge margin.",positive
"Awful experience, this movie failed to meet even basic expectations.",negative
"Do not waste your money on this headphones, it is defective.",negative
"Disappointing headphones, the performance is laggy and unreliable.",negative
"This movie made my life so much easier, truly impressed.",positive
"This hotel is decent for daily use, works okay so far.",neutral
"The course arrived on time and performs wonderfully, very happy.",positive
"Somewhat let down by this monitor, packaging was fine but the product itself is meh.",negative
"The shoes stopped working after two days, very frustrating experience.",negative
"This phone is decent for daily use, works okay so far.",neutral
"The blender has a manual included, setup was straightforward.",neutral
"Impressive camera, exceeded my expectations by a huge margin.",positive
"The monitor is decent and does what I hoped, quite happy.",positive
"Do not waste your money on this phone, it is defective.",negative
"The backpack functions fine, I have no strong opinion about it yet.",neutral
"Pretty good laptop overall, I do not have many complaints.",positive
"Do not waste your money on this shoes, it is defective.",negative
"The backpack functions fine, I have no strong opinion about it yet.",neutral
"Overall the blender is average, matches the product description.",neutral
"The restaurant has a manual included, setup was straightforward.",neutral
"Excellent quality laptop, worth every rupee spent.",positive
The backpack is okay-ish but has some annoying issues.,negative
The shoes works flawlessly and the design is beautiful.,positive
Not perfect but this game console works well and I am pleased.,positive
"The app seems fine, some parts are good and some could improve.",neutral
"Somewhat let down by this service, packaging was fine but the product itself is meh.",negative
This movie looks similar to the previous model with minor changes.,neutral
"Poor build quality on this service, feels cheap and flimsy.",negative
"Pretty good headphones overall, I do not have many complaints.",positive
"The headphones is fine for the price, neither great nor bad.",neutral
"The hotel seems fine, some parts are good and some could improve.",neutral
"The service is overpriced for such low quality, big regret.",negative
"Awful experience, this headphones failed to meet even basic expectations.",negative
"Awful experience, this book failed to meet even basic expectations.",positive
"This headphones made my life so much easier, truly impressed.",positive
"This jacket broke down within a week, terrible quality.",negative
"This speaker is decent for daily use, works okay so far.",neutral
"Overall the book is average, matches the product description.",neutral
"The hotel malfunctioned right out of the box, very annoying.",negative
"It is a standard speaker, meets basic requirements.",neutral
The movie is okay-ish but has some annoying issues.,negative
"It is an average restaurant, works but nothing stands out.",neutral
"Terrible customer service and a defective blender, never buying again.",negative
"The app is overpriced for such low quality, big regret.",negative
"The service stopped working after two days, very frustrating experience.",negative
The camera is okay-ish but has some annoying issues.,negative
"I am so satisfied with this book, five stars all the way.",positive
The watch works but honestly it is not that good.,negative
"I regret buying this speaker, it is simply not worth it.",negative
"Disappointing movie, the performance is laggy and unreliable.",negative
"Great value for money, this blender is simply outstanding.",positive
"Mediocre movie, I expected more given the price.",negative
"I am so satisfied with this watch, five stars all the way.",positive
"The speaker is decent and does what I hoped, quite happy.",neutral
"Superb build quality on this monitor, customer support was also great.",positive
"The phone is overpriced for such low quality, big regret.",negative
"The movie is good, a bit pricey but still worth it.",positive
"Just an ordinary monitor, does what it says on the box.",neutral
"It is a standard speaker, meets basic requirements.",neutral
"I received the jacket yesterday, still testing it out.",neutral
"Fantastic experience with this service, will definitely buy again.",positive
"It is an average monitor, works but nothing stands out.",neutral
"Best book I have ever bought, highly recommend it to everyone.",positive
"This camera broke down within a week, terrible quality.",negative
"Mediocre game console, I expected more given the price.",negative
"The shoes has a manual included, setup was straightforward.",neutral
"I received the service yesterday, still testing it out.",neutral
"The blender has average features, similar to other products in this range.",neutral
"This game console broke down within a week, terrible quality.",negative
"Mediocre headphones, I expected more given the price.",negative
"It is a standard book, meets basic requirements.",neutral
"Superb build quality on this jacket, customer support was also great.",positive
"Superb build quality on this restaurant, customer support was also great.",positive
"This coffee maker works as expected, no major complaints.",neutral
"The book has a manual included, setup was straightforward.",neutral
"The hotel stopped working after two days, very frustrating experience.",negative
Not perfect but this book works well and I am pleased.,positive
"This game console is decent for daily use, works okay so far.",neutral
"The game console is okay, nothing special but does the job.",neutral
"Best watch I have ever bought, highly recommend it to everyone.",positive
"I regret buying this service, it is simply not worth it.",negative
"I received the movie yesterday, still testing it out.",neutral
"This service made my life so much easier, truly impressed.",positive
"Worst hotel I have ever purchased, would not recommend at all.",negative
"Awful experience, this service failed to meet even basic expectations.",negative
"Very unhappy with this speaker, it arrived damaged and useless.",negative
"I absolutely love this monitor, it exceeded all my expectations!",positive
"Best watch I have ever bought, highly recommend it to everyone.",positive
"The speaker is decent and does what I hoped, quite happy.",positive
"Mediocre hotel, I expected more given the price.",negative
"Terrible customer service and a defective book, never buying again.",negative
"I am so satisfied with this monitor, five stars all the way.",positive
"This movie made my life so much easier, truly impressed.",positive
Not perfect but this laptop works well and I am pleased.,positive
"Best phone I have ever bought, highly recommend it to everyone.",positive
"This movie made my life so much easier, truly impressed.",positive
"The headphones seems fine, some parts are good and some could improve.",neutral
"Happy with the speaker, it does the job nicely.",positive
"The backpack is not great, a bit slow and could be better.",negative
"This camera is amazing, works perfectly and looks great.",positive
"The headphones arrived on time and performs wonderfully, very happy.",positive
Not perfect but this monitor works well and I am pleased.,positive
"Poor build quality on this watch, feels cheap and flimsy.",negative
"Awful experience, this monitor failed to meet even basic expectations.",negative
"Happy with the coffee maker, it does the job nicely.",positive
"The movie is good, a bit pricey but still worth it.",positive
The game console is okay-ish but has some annoying issues.,negative
"The backpack is overpriced for such low quality, big regret.",negative
"It is a standard hotel, meets basic requirements.",neutral
"Mediocre blender, I expected more given the price.",negative
"The camera seems fine, some parts are good and some could improve.",neutral
"Worst backpack I have ever purchased, would not recommend at all.",negative
"The backpack is fine for the price, neither great nor bad.",neutral
"This jacket is a complete disaster, does not work as advertised.",negative
"The book is decent and does what I hoped, quite happy.",positive
"It is a standard app, meets basic requirements.",neutral
"Awful experience, this hotel failed to meet even basic expectations.",negative
"Very unhappy with this monitor, it arrived damaged and useless.",negative
"Awful experience, this game console failed to meet even basic expectations.",negative
"Pretty good service overall, I do not have many complaints.",positive
"I received the coffee maker yesterday, still testing it out.",neutral
"I absolutely love this restaurant, it exceeded all my expectations!",positive
"Mediocre coffee maker, I expected more given the price.",negative
This camera is a fantastic addition to my daily routine.,positive
"This jacket is amazing, works perfectly and looks great.",positive
"The laptop malfunctioned right out of the box, very annoying.",negative
"I absolutely love this backpack, it exceeded all my expectations!",positive
"This jacket is a complete disaster, does not work as advertised.",negative
"The restaurant stopped working after two days, very frustrating experience.",negative
"Mediocre app, I expected more given the price.",negative
"This headphones made my life so much easier, truly impressed.",positive
"This monitor made my life so much easier, truly impressed.",positive
Wonderful laptop! Fast delivery and top notch performance.,positive
"The course is acceptable, does the basic job without issues.",neutral
"Excellent quality blender, worth every rupee spent.",positive
"This game console made my life so much easier, truly impressed.",positive
"Do not waste your money on this movie, it is defective.",negative
"I regret buying this monitor, it is simply not worth it.",negative
"I received the course yesterday, still testing it out.",neutral
"This watch is amazing, works perfectly and looks great.",negative
"The camera has a manual included, setup was straightforward.",neutral
This service looks similar to the previous model with minor changes.,neutral
"This course was delivered on the estimated date, packaging was normal.",neutral
"This hotel is decent for daily use, works okay so far.",neutral
"The restaurant stopped working after two days, very frustrating experience.",negative
"Very unhappy with this game console, it arrived damaged and useless.",negative
"The camera is good, a bit pricey but still worth it.",positive
"This backpack is decent for daily use, works okay so far.",neutral
Wonderful headphones! Fast delivery and top notch performance.,positive
"The movie seems fine, some parts are good and some could improve.",neutral
"The hotel stopped working after two days, very frustrating experience.",negative
"Impressive hotel, exceeded my expectations by a huge margin.",positive
"The restaurant has a manual included, setup was straightforward.",neutral
"This camera was delivered on the estimated date, packaging was normal.",neutral
The backpack works flawlessly and the design is beautiful.,positive
"I absolutely love this restaurant, it exceeded all my expectations!",positive
"I am still using the phone, will update my review later.",neutral
"The course is good, a bit pricey but still worth it.",positive
"I absolutely love this coffee maker, it exceeded all my expectations!",positive
"The speaker is not great, a bit slow and could be better.",negative
"I absolutely love this laptop, it exceeded all my expectations!",positive
"Impressive book, exceeded my expectations by a huge margin.",positive
"Very unhappy with this backpack, it arrived damaged and useless.",negative
"I regret buying this jacket, it is simply not worth it.",negative
The book is okay-ish but has some annoying issues.,negative
"This monitor broke down within a week, terrible quality.",negative
"This course is decent for daily use, works okay so far.",neutral
"I received the monitor yesterday, still testing it out.",neutral
"It is an average hotel, works but nothing stands out.",neutral
"This phone made my life so much easier, truly impressed.",positive
Not perfect but this watch works well and I am pleased.,positive
"I am still using the backpack, will update my review later.",neutral
"The watch is acceptable, does the basic job without issues.",neutral
"The monitor has a manual included, setup was straightforward.",neutral
"This jacket broke down within a week, terrible quality.",negative
"It is a standard coffee maker, meets basic requirements.",neutral
"Fantastic experience with this book, will definitely buy again.",positive
"The monitor is good, a bit pricey but still worth it.",positive
"This course broke down within a week, terrible quality.",negative
"The restaurant stopped working after two days, very frustrating experience.",negative
"The headphones is decent and does what I hoped, quite happy.",positive
"Worst backpack I have ever purchased, would not recommend at all.",negative
"The book malfunctioned right out of the box, very annoying.",negative
This restaurant is a fantastic addition to my daily routine.,positive
"I am so satisfied with this headphones, five stars all the way.",positive
"Disappointing watch, the performance is laggy and unreliable.",negative
"Awful experience, this course failed to meet even basic expectations.",negative
The service works but honestly it is not that good.,negative
"Worst backpack I have ever purchased, would not recommend at all.",negative
"This service is decent for daily use, works okay so far.",neutral
The restaurant is okay-ish but has some annoying issues.,negative
"This book works as expected, no major complaints.",neutral
"Poor build quality on this laptop, feels cheap and flimsy.",negative
"The speaker is good, a bit pricey but still worth it.",positive
This speaker looks similar to the previous model with minor changes.,neutral
Not perfect but this game console works well and I am pleased.,neutral
The phone works but honestly it is not that good.,negative
"Happy with the jacket, it does the job nicely.",positive
"Awful experience, this hotel failed to meet even basic expectations.",negative
"It is a standard restaurant, meets basic requirements.",neutral
The speaker works but honestly it is not that good.,negative
"Pretty good coffee maker overall, I do not have many complaints.",positive
"Do not waste your money on this shoes, it is defective.",negative
"Awful experience, this monitor failed to meet even basic expectations.",negative
"Do not waste your money on this speaker, it is defective.",negative
"The laptop has average features, similar to other products in this range.",neutral
"Disappointing game console, the performance is laggy and unreliable.",negative
"It is an average watch, works but nothing stands out.",neutral
"Very unhappy with this camera, it arrived damaged and useless.",negative
"Disappointing monitor, the performance is laggy and unreliable.",negative
The game console works but honestly it is not that good.,negative
"This game console is horrible, the worst purchase decision I made.",negative
"This laptop is horrible, the worst purchase decision I made.",negative
"Do not waste your money on this movie, it is defective.",negative
"This game console is horrible, the worst purchase decision I made.",negative
"Fantastic experience with this hotel, will definitely buy again.",positive
"The movie is acceptable, does the basic job without issues.",neutral
"Terrible customer service and a defective camera, never buying again.",negative
"This movie is a complete disaster, does not work as advertised.",negative
